datetime,Unnamed: 0.1,Unnamed: 0,Site Name,Management Domain,ManageObject_x,Ambient temperature(℃),PV Temperature(℃),Wind speed(m/s),Wind direction(°),Daily irradiation(MJ/㎡),Irradiance(W/㎡),Device connection status,ManageObject_y,Inverter status,Grid voltage/Grid AB line voltage(V),BC line voltage(V),CA line voltage(V),Phase A voltage(V),Phase B voltage(V),Phase C voltage(V),Grid current/Grid phase A current(A),Phase B current(A),Phase C current(A),Inverter efficiency(%),Device internal temperature(℃),Power factor,Grid frequency(Hz),Active power(kW),Output reactive power(kvar),Daily energy(kWh),Total input power(kW),PV1 input voltage(V),PV2 input voltage(V),PV3 input voltage(V),PV4 input voltage(V),PV5 input voltage(V),PV6 input voltage(V),PV7 input voltage(V),PV8 input voltage(V),PV9 input voltage(V),PV10 input voltage(V),PV11 input voltage(V),PV12 input voltage(V),PV13 input voltage(V),PV14 input voltage(V),PV15 Input Voltage(V),PV16 Input Voltage(V),PV17 Input Voltage(V),PV18 Input Voltage(V),PV19 Input Voltage(V),PV20 Input Voltage(V),PV1 input current(A),PV2 input current(A),PV3 input current(A),PV4 input current(A),PV5 input current(A),PV6 input current(A),PV7 input current(A),PV8 input current(A),PV9 input current(A),PV10 input current(A),PV11 input current(A),PV12 input current(A),PV13 input current(A),PV14 input current(A),PV15 Input Current(A),PV16 Input Current(A),PV17 Input Current(A),PV18 Input Current(A),PV19 Input Current(A),PV20 Input Current(A),Cumulative energy(kWh),Inverter startup time,Inverter shutdown time,MPPT 1 DC cumulative energy(kWh),MPPT 2 DC cumulative energy(kWh),MPPT 3 DC cumulative energy(kWh),MPPT 4 DC cumulative energy(kWh),MPPT 5 DC cumulative energy(kWh),MPPT 6 DC cumulative energy(kWh),MPPT 7 DC cumulative energy(kWh),MPPT 8 DC cumulative energy(kWh),MPPT 9 DC cumulative energy(kWh),MPPT 10 DC cumulative energy(kWh),Monthly energy(kWh),Annual energy(kWh),Voltage between PV– and the ground(V),Total DC input energy(kWh),Accumulated amount of absorbed electricity(kWh),time,year,month,day,hour,dayofweek,dayname,hourofweek,hourofmonth,date,Hieu suat,date_ordinal,stt,hstt,saiso
2022-03-24 10:35:00,3079,3079,VNM - Đà Nẵng - Nhà Máy,/BCG Energy,1020C0058922/EM001020C0058922,28.3,43.9,1.8,,4.669,951.7,Online,1020C0058922/INVT_08,Grid connected,392.1,388.7,390.4,228.3,224.1,224.6,153.23,154.013,153.45,98.24,58.6,1.0,49.92,103.76,1.182,147.07,105.661,663.9,663.9,670.0,670.0,654.5,654.5,659.2,659.2,669.6,669.6,666.3,666.3,666.8,666.8,660.0,660.0,664.6,664.6,667.0,667.0,16.23,0.0,0.0,16.4,16.4,0.0,0.0,16.16,15.84,0.0,0.0,15.65,15.53,0.0,15.73,0.0,0.0,15.18,15.0,0.0,5328.79,2022/03/24 05:34:23,2022/03/23 17:55:20,544.33,551.45,548.57,537.91,546.57,539.12,552.04,559.12,549.02,556.69,5324.28,5325.91,0.0,5484.82,0.0,2022-03-24 10:35:00,2022,3,24,10,3,Thursday,82,562,2022-03-24,17.83149392169211,738238,1,17.609649429816645,0.012597893715012787
2022-03-25 12:05:00,3252,3252,VNM - Đà Nẵng - Nhà Máy,/BCG Energy,1020C0058922/EM001020C0058922,32.4,48.5,3.0,,12.415,973.4,Online,1020C0058922/INVT_08,Grid connected,396.2,392.4,393.0,230.4,226.2,225.5,151.335,152.358,152.055,98.15,71.1,0.999,50.12,103.267,-1.254,365.29,105.246,645.9,645.9,642.0,642.0,658.1,658.1,646.6,646.6,631.1,631.1,640.6,640.6,647.1,647.1,643.5,643.5,638.9,638.9,630.7,630.7,16.2,0.0,0.0,16.48,16.01,0.0,0.0,16.2,16.3,0.0,0.0,16.29,16.5,0.0,16.57,0.0,0.0,16.67,16.8,0.0,6114.51,2022/03/25 05:36:17,2022/03/24 17:58:23,623.79,631.98,629.0,617.02,626.68,618.54,632.96,640.81,629.89,637.67,6110.09,6111.72,0.0,6288.34,0.0,2022-03-25 12:05:00,2022,3,25,12,4,Friday,108,588,2022-03-25,17.365501888707627,738239,2,17.60582138987748,-0.013650002226424152
2022-03-28 13:15:00,3607,3607,VNM - Đà Nẵng - Nhà Máy,/BCG Energy,1020C0058922/EM001020C0058922,27.8,40.8,4.3,,9.606,1021.3,Online,1020C0058922/INVT_08,Grid connected,394.1,390.7,392.0,229.1,225.0,224.7,160.403,161.042,161.041,97.7,50.6,0.996,50.05,109.007,-0.962,283.39,111.574,732.6,732.6,733.7,733.7,732.3,732.3,728.2,728.2,726.4,726.4,730.5,730.5,722.7,722.7,722.2,722.2,719.9,719.9,717.6,717.6,15.21,0.0,0.0,15.14,15.3,0.0,0.0,15.16,15.1,0.0,0.0,15.08,15.45,0.0,15.33,0.0,0.0,15.41,15.19,0.0,7316.28,2022/03/28 08:14:07,2022/03/27 06:51:26,745.9,755.12,752.21,738.21,748.99,740.14,757.08,765.43,753.65,761.54,7311.77,7313.4,0.0,7518.27,0.0,2022-03-28 13:15:00,2022,3,28,13,0,Monday,13,661,2022-03-28,17.546187006390372,738242,5,17.594337270059988,-0.002736690955194554
2022-03-30 11:10:00,3894,3894,VNM - Đà Nẵng - Nhà Máy,/BCG Energy,1020C0058922/EM001020C0058922,31.1,51.0,1.9,,5.999,1029.1,Online,1020C0058922/INVT_08,Grid connected,399.8,395.6,397.3,232.8,228.2,228.3,160.089,160.714,160.691,98.12,52.7,1.0,50.05,110.0,-1.078,185.38,112.142,672.1,672.1,676.0,676.0,661.5,661.5,676.9,676.9,670.6,670.6,679.9,679.9,681.8,681.8,682.9,682.9,681.2,681.2,687.5,687.5,16.22,0.0,0.0,16.36,16.82,0.0,0.0,16.05,16.54,0.0,0.0,16.27,16.72,0.0,16.77,0.0,0.0,16.8,16.65,0.0,8175.0,2022/03/30 05:32:07,2022/03/29 18:03:49,833.31,842.69,840.22,824.47,836.08,827.11,845.97,854.22,841.49,850.25,8170.69,8172.32,0.0,8395.81,0.0,2022-03-30 11:10:00,2022,3,30,11,2,Wednesday,59,707,2022-03-30,17.50184372242681,738244,7,17.58668119018166,-0.004823961203220952
2022-04-07 11:40:00,5147,1015,VNM - Đà Nẵng - Nhà Máy,/BCG Energy,1020C0058922/EM001020C0058922,28.2,46.6,4.3,,11.163,991.5,Online,1020C0058922/INVT_08,Grid connected,401.5,396.9,398.4,234.2,229.1,228.4,153.393,153.959,153.806,98.09,65.8,1.0,50.1,106.126,-0.282,342.18,108.226,678.4,678.4,691.2,691.2,679.6,679.6,680.4,680.4,687.9,687.9,682.7,682.7,679.6,679.6,689.4,689.4,680.4,680.4,691.3,691.3,15.7,0.0,0.0,15.65,15.83,0.0,0.0,15.65,15.64,0.0,0.0,15.58,15.99,0.0,15.89,0.0,0.0,15.94,15.67,0.0,10654.84,2022/04/07 05:25:47,2022/04/06 17:56:29,1087.39,1096.51,1096.09,1074.19,1089.72,1077.85,1103.52,1112.56,1096.14,1107.77,2042.72,10652.06,0.0,10941.74,0.0,2022-04-07 11:40:00,2022,4,7,11,3,Thursday,83,155,2022-04-07,17.531213202212133,738252,15,17.556056870668343,-0.001415105261917754
2022-04-17 12:20:00,6742,2610,VNM - Đà Nẵng - Nhà Máy,/BCG Energy,1020C0058922/EM001020C0058922,31.8,48.7,3.0,,10.943,961.3,Online,1020C0058922/INVT_08,Grid connected,402.9,398.9,398.9,233.5,230.3,229.1,149.265,150.09,149.701,98.12,63.6,0.997,50.17,103.539,-4.281,316.49,105.512,646.8,646.8,659.6,659.6,647.0,647.0,647.1,647.1,658.5,658.5,645.8,645.8,649.2,649.2,654.8,654.8,650.1,650.1,653.4,653.4,16.2,0.0,0.0,16.21,16.3,0.0,0.0,16.19,15.97,0.0,0.0,15.97,16.16,0.0,16.14,0.0,0.0,16.22,16.1,0.0,16429.56,2022/04/17 05:17:34,2022/04/16 17:53:50,1668.59,1690.52,1684.29,1650.72,1680.72,1657.69,1695.05,1716.06,1687.11,1705.88,7817.34,16426.68,0.0,16836.63,0.0,2022-04-17 12:20:00,2022,4,17,12,6,Sunday,156,396,2022-04-17,17.62852579600345,738262,25,17.5177764712767,0.006322110851702125
2022-04-21 10:00:00,7356,3224,VNM - Đà Nẵng - Nhà Máy,/BCG Energy,1020C0058922/EM001020C0058922,27.1,39.3,0.6,,6.431,969.7,Online,1020C0058922/INVT_08,Grid connected,397.9,394.3,395.2,230.5,227.0,226.7,152.963,153.465,153.356,98.07,56.0,1.0,49.96,105.0,0.29,186.51,107.033,669.3,669.3,681.0,681.0,680.7,680.7,676.8,676.8,693.1,693.1,669.6,669.6,665.1,665.1,688.2,688.2,672.6,672.6,685.6,685.6,15.55,0.0,0.0,15.69,15.59,0.0,0.0,15.62,15.33,0.0,0.0,15.8,16.18,0.0,15.78,0.0,0.0,15.98,15.73,0.0,18301.14,2022/04/21 05:09:09,2022/04/20 18:03:59,1859.27,1881.94,1875.99,1838.71,1870.99,1846.39,1887.94,1909.79,1879.46,1898.88,9689.02,18298.36,0.0,18749.36,0.0,2022-04-21 10:00:00,2022,4,21,10,3,Thursday,82,490,2022-04-21,17.727740475609075,738266,29,17.502464311520043,0.012871111180655603
2022-04-22 11:00:00,7530,3398,VNM - Đà Nẵng - Nhà Máy,/BCG Energy,1020C0058922/EM001020C0058922,32.1,49.7,1.2,,9.734,979.2,Online,1020C0058922/INVT_08,Grid connected,401.2,396.1,397.9,232.3,229.5,228.1,150.784,151.476,151.11,98.11,56.9,1.0,50.06,104.078,-0.184,254.6,106.061,647.9,647.9,665.1,665.1,654.6,654.6,658.0,658.0,657.7,657.7,653.9,653.9,652.4,652.4,656.1,656.1,645.0,645.0,651.1,651.1,16.12,0.0,0.0,15.92,16.07,0.0,0.0,15.81,15.98,0.0,0.0,16.02,16.32,0.0,16.31,0.0,0.0,16.58,16.43,0.0,19005.22,2022/04/22 05:11:56,2022/04/21 18:06:50,1929.55,1954.49,1947.43,1908.35,1943.1,1916.81,1959.47,1983.59,1951.55,1972.11,10393.0,19002.34,0.0,19466.45,0.0,2022-04-22 11:00:00,2022,4,22,11,4,Friday,107,515,2022-04-22,17.396320301577436,738267,30,17.498636271580878,-0.005847082504915591
2022-04-23 12:55:00,7713,3581,VNM - Đà Nẵng - Nhà Máy,/BCG Energy,1020C0058922/EM001020C0058922,31.6,46.0,2.7,,15.159,960.1,Online,1020C0058922/INVT_08,Grid connected,391.6,386.9,388.9,228.1,223.8,223.5,152.237,152.846,152.661,98.04,54.7,1.0,50.01,102.726,2.258,406.74,104.694,720.5,720.5,720.3,720.3,719.9,719.9,720.2,720.2,719.2,719.2,719.2,719.2,720.0,720.0,720.3,720.3,719.7,719.7,719.8,719.8,14.39,0.0,0.0,14.41,14.41,0.0,0.0,14.3,14.42,0.0,0.0,14.39,14.53,0.0,14.63,0.0,0.0,14.68,14.47,0.0,19754.59,2022/04/23 05:09:53,2022/04/22 17:57:21,2004.62,2031.59,2023.57,1982.8,2019.76,1991.7,2035.74,2061.79,2027.81,2049.78,11142.47,19751.81,0.0,20229.16,0.0,2022-04-23 12:55:00,2022,4,23,12,5,Saturday,132,540,2022-04-23,17.513720150303364,738268,31,17.494808231641713,0.00108100176985342
2022-04-28 11:35:00,8506,4374,VNM - Đà Nẵng - Nhà Máy,/BCG Energy,1020C0058922/EM001020C0058922,31.7,47.4,3.6,,12.231,953.5,Online,1020C0058922/INVT_08,Grid connected,405.0,400.4,401.3,235.3,231.2,229.5,143.832,144.62,144.215,98.2,70.2,1.0,49.82,100.16,0.323,352.0,102.069,645.4,645.4,657.7,657.7,645.0,645.0,651.6,651.6,656.5,656.5,651.9,651.9,645.8,645.8,657.7,657.7,652.2,652.2,657.4,657.4,15.37,0.0,0.0,15.34,15.67,0.0,0.0,15.53,15.28,0.0,0.0,15.34,15.77,0.0,15.72,0.0,0.0,15.71,15.7,0.0,22896.25,2022/04/28 05:04:55,2022/04/27 18:02:49,2323.57,2353.51,2344.62,2298.39,2339.69,2307.79,2358.47,2387.74,2349.68,2374.32,14284.12,22893.46,0.0,23437.78,0.0,2022-04-28 11:35:00,2022,4,28,11,3,Thursday,83,659,2022-04-28,17.19278550653674,738273,36,17.47566803194589,-0.016187222422172052
2022-04-29 11:05:00,8660,4528,VNM - Đà Nẵng - Nhà Máy,/BCG Energy,1020C0058922/EM001020C0058922,32.5,46.8,1.1,,9.259,959.7,Online,1020C0058922/INVT_08,Grid connected,397.9,394.2,396.2,231.6,227.5,227.1,149.146,150.134,149.65,98.11,57.9,0.999,50.12,102.464,-0.351,263.16,104.459,661.9,661.9,672.0,672.0,665.7,665.7,664.6,664.6,665.0,665.0,668.0,668.0,659.5,659.5,668.5,668.5,666.9,666.9,669.7,669.7,15.55,0.0,0.0,15.48,15.56,0.0,0.0,15.52,15.77,0.0,0.0,15.43,15.77,0.0,15.68,0.0,0.0,15.71,15.76,0.0,23526.78,2022/04/29 05:11:56,2022/04/28 18:05:01,2387.85,2417.87,2409.23,2362.17,2403.6,2371.51,2423.52,2452.76,2414.37,2439.08,14914.66,23524.0,0.0,24081.96,0.0,2022-04-29 11:05:00,2022,4,29,11,4,Friday,107,683,2022-04-29,17.481691489854633,738274,37,17.471839992006725,0.0005638500497036988
2022-05-11 12:25:00,10618,1709,VNM - Đà Nẵng - Nhà Máy,/BCG Energy,1020C0058922/EM001020C0058922,31.7,51.1,2.4,,11.756,951.2,Online,1020C0058922/INVT_08,Grid connected,394.2,389.4,391.6,229.0,225.2,224.9,148.275,149.114,148.615,98.14,65.6,1.0,50.09,100.736,2.376,344.05,102.645,632.0,632.0,649.8,649.8,633.2,633.2,633.2,633.2,644.7,644.7,637.5,637.5,629.9,629.9,656.0,656.0,643.1,643.1,643.4,643.4,15.92,0.0,0.0,15.86,16.07,0.0,0.0,15.89,15.76,0.0,0.0,15.71,16.29,0.0,15.85,0.0,0.0,15.77,16.07,0.0,29020.32,2022/05/11 05:04:10,2022/05/10 18:08:40,2946.77,2979.85,2972.63,2914.17,2963.33,2925.12,2990.42,3024.09,2978.12,3006.81,4860.27,29017.63,0.0,29701.31,0.0,2022-05-11 12:25:00,2022,5,11,12,2,Wednesday,60,252,2022-05-11,17.331615272378396,738286,49,17.425903512736753,-0.005410809275366405
2022-05-17 10:55:00,11569,2660,VNM - Đà Nẵng - Nhà Máy,/BCG Energy,1020C0058922/EM001020C0058922,32.3,51.0,1.3,,6.439,1021.3,Online,1020C0058922/INVT_08,Grid connected,403.1,398.5,400.3,234.2,229.3,229.1,160.01,160.436,160.422,98.08,58.8,0.999,49.9,110.0,0.55,202.23,112.108,681.6,681.6,684.9,684.9,684.6,684.6,678.0,678.0,674.5,674.5,678.0,678.0,663.6,663.6,663.0,663.0,655.5,655.5,650.8,650.8,16.76,0.0,0.0,16.71,16.88,0.0,0.0,16.73,16.65,0.0,0.0,16.61,17.01,0.0,16.87,0.0,0.0,17.05,16.77,0.0,32157.79,2022/05/17 05:12:40,2022/05/16 18:10:41,3262.49,3302.28,3293.51,3227.76,3283.66,3241.23,3311.22,3351.59,3299.35,3330.52,7997.66,32155.02,0.0,32903.61,0.0,2022-05-17 10:55:00,2022,5,17,10,1,Tuesday,34,394,2022-05-17,17.630164132435976,738292,55,17.402935273101765,0.013056927223387391
2022-05-24 14:20:00,12759,3850,VNM - Đà Nẵng - Nhà Máy,/BCG Energy,1020C0058922/EM001020C0058922,33.1,50.4,2.2,,16.496,950.5,Online,1020C0058922/INVT_08,Grid connected,396.6,393.3,395.5,231.1,226.5,226.7,145.668,146.134,145.919,98.12,67.2,1.0,50.12,99.654,-0.38,488.96,101.542,680.3,680.3,694.4,694.4,683.0,683.0,682.7,682.7,693.0,693.0,686.5,686.5,683.7,683.7,695.6,695.6,685.2,685.2,695.3,695.3,14.6,0.0,0.0,14.48,14.71,0.0,0.0,14.42,14.6,0.0,0.0,14.44,14.76,0.0,14.74,0.0,0.0,14.79,14.56,0.0,36516.51,2022/05/24 05:04:20,2022/05/23 18:06:14,3703.55,3748.92,3739.12,3665.6,3727.5,3679.57,3759.48,3805.4,3746.72,3780.4,12356.37,36513.73,0.0,37356.26,0.0,2022-05-24 14:20:00,2022,5,24,14,1,Tuesday,38,566,2022-05-24,17.15800043445337,738299,62,17.376138993527615,-0.0125539142588292
2022-06-01 12:00:00,14053,87,VNM - Đà Nẵng - Nhà Máy,/BCG Energy,1020C0058922/EM001020C0058922,34.0,51.8,2.0,,14.308,959.9,Online,1020C0058922/INVT_08,Grid connected,401.5,396.9,399.1,233.3,229.5,228.8,146.011,146.703,146.362,98.13,71.0,1.0,50.14,100.928,-2.149,412.73,102.851,623.7,623.7,653.8,653.8,628.8,628.8,642.8,642.8,651.9,651.9,644.8,644.8,640.3,640.3,643.3,643.3,649.5,649.5,656.3,656.3,16.17,0.0,0.0,15.81,16.22,0.0,0.0,15.77,15.72,0.0,0.0,15.72,16.1,0.0,16.26,0.0,0.0,15.85,15.82,0.0,41237.15,2022/06/01 04:53:59,2022/05/31 18:08:19,4179.14,4234.61,4221.01,4138.05,4208.48,4152.92,4242.87,4298.13,4229.8,4267.76,412.83,41234.37,0.0,42172.77,0.0,2022-06-01 12:00:00,2022,6,1,12,2,Wednesday,60,12,2022-06-01,17.20899900532546,738307,70,17.3455146740143,-0.007870372903570145
2022-06-04 11:40:00,14547,581,VNM - Đà Nẵng - Nhà Máy,/BCG Energy,1020C0058922/EM001020C0058922,32.5,50.1,3.0,,13.827,966.6,Online,1020C0058922/INVT_08,Grid connected,402.3,398.5,399.4,233.2,229.3,229.1,146.151,146.763,146.455,98.12,74.6,1.0,49.99,101.195,-1.422,394.82,103.113,650.8,650.8,666.7,666.7,654.5,654.5,655.2,655.2,662.9,662.9,657.5,657.5,652.6,652.6,665.8,665.8,654.5,654.5,665.8,665.8,15.57,0.0,0.0,15.36,15.65,0.0,0.0,15.51,15.5,0.0,0.0,15.42,15.85,0.0,15.54,0.0,0.0,15.79,15.53,0.0,43207.83,2022/06/04 04:55:18,2022/06/03 18:17:08,4379.43,4436.45,4423.36,4337.11,4409.06,4351.5,4445.74,4503.2,4432.13,4470.95,2383.51,43205.05,0.0,44188.93,0.0,2022-06-04 11:40:00,2022,6,4,11,5,Saturday,131,83,2022-06-04,17.133248514071713,738310,73,17.334030554196804,-0.01158311331558597
2022-06-05 12:05:00,14719,753,VNM - Đà Nẵng - Nhà Máy,/BCG Energy,1020C0058922/EM001020C0058922,34.9,52.7,2.3,,14.72,959.9,Online,1020C0058922/INVT_08,Grid connected,406.9,402.8,403.7,235.9,232.7,231.5,143.214,144.027,143.539,98.21,70.7,0.999,50.02,100.475,2.463,409.05,102.389,622.5,622.5,642.6,642.6,630.4,630.4,623.7,623.7,641.0,641.0,634.0,634.0,630.5,630.5,646.7,646.7,635.7,635.7,646.5,646.5,16.09,0.0,0.0,16.14,16.23,0.0,0.0,16.07,15.78,0.0,0.0,16.04,16.22,0.0,16.24,0.0,0.0,16.12,15.84,0.0,43984.04,2022/06/05 04:50:13,2022/06/04 18:20:41,4457.96,4516.01,4502.74,4415.09,4488.0,4429.71,4525.46,4583.92,4512.03,4550.85,3159.71,43981.25,0.0,44981.77,0.0,2022-06-05 12:05:00,2022,6,5,12,6,Sunday,156,108,2022-06-05,17.131697301497002,738311,74,17.330202514257643,-0.01145429273531737
2022-06-07 11:50:00,15049,1083,VNM - Đà Nẵng - Nhà Máy,/BCG Energy,1020C0058922/EM001020C0058922,34.6,52.1,1.9,,14.236,950.2,Online,1020C0058922/INVT_08,Grid connected,403.7,400.9,402.2,235.1,230.5,231.1,142.756,143.419,142.855,98.18,75.8,1.0,50.14,99.444,-0.583,401.99,101.298,634.0,634.0,640.1,640.1,634.9,634.9,633.2,633.2,638.4,638.4,632.5,632.5,634.1,634.1,643.4,643.4,637.8,637.8,644.1,644.1,15.67,0.0,0.0,15.91,15.85,0.0,0.0,15.75,15.82,0.0,0.0,15.74,16.0,0.0,15.99,0.0,0.0,15.85,15.86,0.0,45311.21,2022/06/07 04:57:19,2022/06/06 18:14:02,4592.36,4652.0,4638.72,4548.64,4622.59,4563.41,4661.72,4721.97,4648.54,4687.42,4486.88,45308.42,0.0,46337.37,0.0,2022-06-07 11:50:00,2022,6,7,11,1,Tuesday,35,155,2022-06-07,17.122174834550073,738313,76,17.322546434379312,-0.011567098439497922
2022-06-08 11:40:00,15211,1245,VNM - Đà Nẵng - Nhà Máy,/BCG Energy,1020C0058922/EM001020C0058922,36.8,53.1,1.8,,9.479,988.0,Online,1020C0058922/INVT_08,Grid connected,407.6,403.8,405.0,236.5,233.1,232.5,147.331,148.251,147.985,98.11,61.6,1.0,50.16,103.668,0.781,191.93,105.665,637.8,637.8,644.7,644.7,645.9,645.9,644.7,644.7,645.1,645.1,642.8,642.8,643.3,643.3,650.7,650.7,642.7,642.7,640.8,640.8,16.29,0.0,0.0,16.13,16.38,0.0,0.0,16.36,16.17,0.0,0.0,16.33,16.6,0.0,16.32,0.0,0.0,16.63,16.67,0.0,45692.57,2022/06/08 08:58:09,2022/06/07 14:12:54,4630.82,4690.97,4677.56,4587.06,4661.32,4601.76,4700.91,4761.64,4687.71,4726.65,4868.25,45689.79,0.0,46726.4,0.0,2022-06-08 11:40:00,2022,6,8,11,2,Wednesday,59,179,2022-06-08,17.176999196371142,738314,77,17.318718394440147,-0.008183007243451756
2022-06-12 12:25:00,15976,2010,VNM - Đà Nẵng - Nhà Máy,/BCG Energy,1020C0058922/EM001020C0058922,35.2,53.8,2.2,,15.715,953.9,Online,1020C0058922/INVT_08,Grid connected,402.1,399.0,399.8,233.6,229.9,229.8,142.62,143.223,143.028,98.14,73.1,1.0,50.02,98.987,2.431,446.96,100.822,647.2,647.2,664.1,664.1,650.1,650.1,651.3,651.3,661.2,661.2,654.7,654.7,651.1,651.1,663.4,663.4,652.0,652.0,663.8,663.8,15.15,0.0,0.0,15.07,15.29,0.0,0.0,15.09,15.06,0.0,0.0,15.01,15.41,0.0,15.33,0.0,0.0,15.37,15.11,0.0,48329.11,2022/06/12 05:00:24,2022/06/11 18:18:31,4897.29,4960.26,4947.73,4852.42,4928.92,4867.59,4971.87,5035.57,4958.62,4997.79,7504.78,48326.32,0.0,49418.06,0.0,2022-06-12 12:25:00,2022,6,12,12,6,Sunday,156,276,2022-06-12,16.975615976196128,738318,81,17.30340623468349,-0.018943683922205357
2022-06-21 12:15:00,17478,3512,VNM - Đà Nẵng - Nhà Máy,/BCG Energy,1020C0058922/EM001020C0058922,35.2,52.7,2.6,,15.296,950.6,Online,1020C0058922/INVT_08,Grid connected,397.4,393.8,394.4,230.7,226.2,226.3,144.295,145.039,144.36,98.19,77.3,0.999,49.89,98.569,-0.393,374.63,100.417,633.0,633.0,638.8,638.8,628.4,628.4,628.8,628.8,637.5,637.5,630.0,630.0,633.6,633.6,639.1,639.1,633.3,633.3,640.4,640.4,15.64,0.0,0.0,15.58,15.88,0.0,0.0,15.57,15.75,0.0,0.0,15.77,16.06,0.0,15.94,0.0,0.0,15.99,15.7,0.0,54631.06,2022/06/21 04:59:20,2022/06/20 18:22:33,5535.04,5603.68,5593.62,5487.36,5568.45,5504.63,5621.21,5690.53,5606.82,5646.48,13806.73,54628.27,0.0,55857.82,0.0,2022-06-21 12:15:00,2022,6,21,12,1,Tuesday,36,492,2022-06-21,16.966119245463776,738327,90,17.26895387523101,-0.017536362188192003
2022-06-22 12:25:00,17647,3681,VNM - Đà Nẵng - Nhà Máy,/BCG Energy,1020C0058922/EM001020C0058922,33.5,50.5,2.2,,15.873,982.3,Online,1020C0058922/INVT_08,Grid connected,401.3,397.4,398.7,233.2,228.8,229.0,148.217,148.953,148.525,98.1,77.0,0.999,50.03,102.186,-2.467,444.35,104.165,632.0,632.0,631.5,631.5,641.5,641.5,631.9,631.9,644.7,644.7,633.1,633.1,644.9,644.9,631.8,631.8,645.0,645.0,646.2,646.2,16.16,0.0,0.0,16.54,16.28,0.0,0.0,16.39,16.22,0.0,0.0,16.31,16.25,0.0,16.83,0.0,0.0,16.41,16.45,0.0,55373.67,2022/06/22 05:01:21,2022/06/21 18:23:58,5610.0,5679.63,5669.66,5562.11,5643.93,5579.7,5697.81,5767.94,5683.23,5723.14,14549.44,55370.98,0.0,56617.15,0.0,2022-06-22 12:25:00,2022,6,22,12,2,Wednesday,60,516,2022-06-22,17.03141599144993,738328,91,17.265125835291848,-0.013536527105072657
2022-07-04 12:20:00,19551,584,VNM - Đà Nẵng - Nhà Máy,/BCG Energy,1020C0058922/EM001020C0058922,38.8,52.7,2.7,,13.204,962.9,Online,1020C0058922/INVT_08,Grid connected,392.6,388.3,390.0,228.5,223.8,223.3,149.205,149.624,149.546,98.1,65.0,1.0,50.13,100.607,-1.671,384.24,102.504,675.6,675.6,677.1,677.1,677.4,677.4,676.4,676.4,676.0,676.0,677.1,677.1,675.8,675.8,677.8,677.8,677.1,677.1,677.2,677.2,14.76,0.0,0.0,14.9,15.34,0.0,0.0,14.92,14.91,0.0,0.0,15.33,15.22,0.0,15.11,0.0,0.0,15.44,14.93,0.0,61981.79,2022/07/04 05:06:23,2022/07/03 18:22:39,6278.59,6353.82,6347.53,6228.17,6315.34,6249.12,6381.55,6455.33,6363.54,6404.84,1343.43,61979.09,0.0,63377.83,0.0,2022-07-04 12:20:00,2022,7,4,12,0,Monday,12,84,2022-07-04,17.097503802046603,738340,103,17.21918935602187,-0.007066857298523922
2022-07-05 11:30:00,19707,740,VNM - Đà Nẵng - Nhà Máy,/BCG Energy,1020C0058922/EM001020C0058922,34.2,46.1,2.0,,11.958,1035.5,Online,1020C0058922/INVT_08,Grid connected,407.7,403.4,404.4,236.8,232.6,232.1,155.83,156.818,156.532,98.16,68.4,1.0,49.96,109.77,-1.818,333.09,111.907,649.9,649.9,658.5,658.5,651.2,651.2,652.9,652.9,653.0,653.0,649.5,649.5,654.7,654.7,665.4,665.4,653.2,653.2,659.9,659.9,16.98,0.0,0.0,16.89,16.99,0.0,0.0,16.81,16.83,0.0,0.0,16.77,17.17,0.0,17.03,0.0,0.0,17.2,17.09,0.0,62570.6,2022/07/05 05:02:21,2022/07/04 18:21:24,6338.17,6413.75,6408.04,6287.38,6374.88,6308.74,6442.13,6516.31,6424.28,6465.34,1932.06,62567.72,0.0,63979.02,0.0,2022-07-05 11:30:00,2022,7,5,11,1,Tuesday,35,107,2022-07-05,17.35722257967809,738341,104,17.215361316082706,0.008240388394454227
2022-07-06 11:30:00,19869,902,VNM - Đà Nẵng - Nhà Máy,/BCG Energy,1020C0058922/EM001020C0058922,36.0,56.0,3.8,,11.079,951.3,Online,1020C0058922/INVT_08,Grid connected,406.4,403.0,403.2,237.0,232.1,231.5,142.666,143.225,142.989,98.08,72.5,0.996,49.86,99.938,0.339,322.35,101.801,630.4,630.4,648.4,648.4,633.1,633.1,634.7,634.7,644.5,644.5,638.3,638.3,634.6,634.6,649.1,649.1,636.6,636.6,652.3,652.3,15.77,0.0,0.0,15.75,15.91,0.0,0.0,15.79,15.71,0.0,0.0,15.7,16.07,0.0,15.96,0.0,0.0,16.07,15.74,0.0,63244.56,2022/07/06 04:58:31,2022/07/05 18:23:47,6406.32,6482.55,6476.95,6355.24,6443.16,6376.66,6511.47,6586.48,6493.54,6534.73,2606.11,63241.77,0.0,64667.2,0.0,2022-07-06 11:30:00,2022,7,6,11,2,Wednesday,59,131,2022-07-06,17.187298907686866,738342,105,17.211533276143545,-0.0014080307702898842
2022-07-11 13:35:00,20718,1751,VNM - Đà Nẵng - Nhà Máy,/BCG Energy,1020C0058922/EM001020C0058922,32.2,50.3,3.0,,11.207,964.0,Online,1020C0058922/INVT_08,Grid connected,387.7,382.4,385.5,225.8,220.7,220.3,150.071,150.54,150.505,98.09,71.5,0.998,50.07,100.096,1.479,318.65,102.014,685.6,685.6,685.1,685.1,684.8,684.8,685.1,685.1,684.2,684.2,684.4,684.4,684.8,684.8,685.1,685.1,684.5,684.5,684.7,684.7,14.26,0.0,0.0,15.1,14.66,0.0,0.0,14.45,15.02,0.0,0.0,14.63,14.77,0.0,15.31,0.0,0.0,14.93,14.97,0.0,65887.83,2022/07/11 05:39:41,2022/07/10 18:20:17,6675.22,6752.51,6748.64,6622.16,6711.52,6643.48,6784.61,6860.97,6765.57,6807.09,5249.38,65885.04,0.0,67371.77,0.0,2022-07-11 13:35:00,2022,7,11,13,0,Monday,13,253,2022-07-11,16.996356245128233,738347,110,17.192393076447722,-0.011402533111463392
2022-07-12 12:20:00,20868,1901,VNM - Đà Nẵng - Nhà Máy,/BCG Energy,1020C0058922/EM001020C0058922,33.1,49.3,2.7,,15.985,958.2,Online,1020C0058922/INVT_08,Grid connected,397.1,392.7,394.3,230.8,227.0,226.3,146.848,147.678,147.165,98.13,73.8,0.996,49.73,100.222,-2.927,448.84,102.111,621.7,621.7,621.4,621.4,621.4,621.4,620.5,620.5,618.2,618.2,623.9,623.9,627.2,627.2,624.3,624.3,621.5,621.5,621.6,621.6,16.17,0.0,0.0,16.46,16.35,0.0,0.0,16.24,16.4,0.0,0.0,16.2,16.37,0.0,16.58,0.0,0.0,16.45,16.57,0.0,66522.26,2022/07/12 05:06:11,2022/07/11 18:15:03,6739.44,6817.55,6813.63,6686.08,6776.1,6707.37,6849.96,6927.18,6830.74,6872.74,5883.81,66519.47,0.0,68020.79,0.0,2022-07-12 12:20:00,2022,7,12,12,1,Tuesday,36,276,2022-07-12,17.115494268687076,738348,111,17.188565036508557,-0.004251126703496079
2022-07-14 11:30:00,21188,2221,VNM - Đà Nẵng - Nhà Máy,/BCG Energy,1020C0058922/EM001020C0058922,31.8,49.8,3.1,,11.466,976.8,Online,1020C0058922/INVT_08,Grid connected,407.0,402.3,403.6,235.8,232.2,230.8,147.189,147.857,147.476,98.12,66.6,0.997,50.06,103.043,-1.107,332.43,105.007,625.8,625.8,648.2,648.2,647.8,647.8,636.9,636.9,648.0,648.0,640.3,640.3,635.8,635.8,653.5,653.5,646.4,646.4,648.6,648.6,16.46,0.0,0.0,16.49,16.13,0.0,0.0,16.26,16.29,0.0,0.0,16.22,16.56,0.0,16.08,0.0,0.0,16.15,16.08,0.0,67953.63,2022/07/14 05:05:04,2022/07/13 18:19:18,6884.39,6964.32,6960.15,6830.25,6921.84,6851.56,6997.22,7076.36,6977.75,7020.4,7315.19,67950.85,0.0,69484.24,0.0,2022-07-14 11:30:00,2022,7,14,11,3,Thursday,83,323,2022-07-14,17.265759320469833,738350,113,17.180908956630226,0.004938642306632004
2022-07-15 12:35:00,21367,2400,VNM - Đà Nẵng - Nhà Máy,/BCG Energy,1020C0058922/EM001020C0058922,32.5,48.4,2.6,,16.356,950.8,Online,1020C0058922/INVT_08,Grid connected,398.7,394.7,395.2,232.3,227.1,227.0,147.567,148.095,147.924,98.12,74.8,1.0,50.12,101.338,1.968,472.54,103.237,667.2,667.2,670.3,670.3,667.9,667.9,668.5,668.5,669.4,669.4,669.4,669.4,668.4,668.4,670.3,670.3,668.4,668.4,669.8,669.8,14.86,0.0,0.0,15.39,15.1,0.0,0.0,14.91,15.36,0.0,0.0,15.02,15.25,0.0,15.64,0.0,0.0,15.29,15.41,0.0,68841.71,2022/07/15 05:05:30,2022/07/14 18:16:59,6974.11,7055.29,7050.9,6919.45,7012.25,6940.94,7088.4,7168.91,7068.76,7111.77,8203.27,68838.93,0.0,70390.78,0.0,2022-07-15 12:35:00,2022,7,15,12,4,Friday,108,348,2022-07-15,17.43890794767679,738351,114,17.177080916691065,0.015242812923545448
2022-07-16 12:30:00,21530,2563,VNM - Đà Nẵng - Nhà Máy,/BCG Energy,1020C0058922/EM001020C0058922,32.6,48.6,2.3,,15.29,966.7,Online,1020C0058922/INVT_08,Grid connected,394.1,388.7,390.0,229.5,224.5,223.7,148.793,149.364,149.266,98.16,74.8,1.0,50.08,100.88,-1.057,440.75,102.75,690.0,690.0,689.4,689.4,689.1,689.1,689.5,689.5,688.4,688.4,688.6,688.6,689.1,689.1,689.4,689.4,688.7,688.7,688.9,688.9,14.46,0.0,0.0,15.03,14.76,0.0,0.0,14.58,15.02,0.0,0.0,14.58,14.8,0.0,15.45,0.0,0.0,15.1,15.33,0.0,69593.59,2022/07/16 05:07:36,2022/07/15 18:21:10,7050.32,7132.2,7127.8,6995.16,7088.75,7016.63,7165.76,7247.1,7145.89,7189.15,8955.15,69590.81,0.0,71158.76,0.0,2022-07-16 12:30:00,2022,7,16,12,5,Saturday,132,372,2022-07-16,17.07116635618007,738352,115,17.1732528767519,-0.005944506920411646
2022-07-17 11:50:00,21687,2720,VNM - Đà Nẵng - Nhà Máy,/BCG Energy,1020C0058922/EM001020C0058922,33.6,53.0,3.0,,13.485,951.6,Online,1020C0058922/INVT_08,Grid connected,402.0,397.2,397.7,232.4,229.2,227.7,142.723,143.287,143.178,98.15,74.2,0.999,49.98,98.592,-2.086,382.65,100.419,639.9,639.9,658.3,658.3,642.5,642.5,644.2,644.2,654.4,654.4,648.0,648.0,643.8,643.8,657.4,657.4,644.7,644.7,658.8,658.8,15.2,0.0,0.0,15.12,15.33,0.0,0.0,15.13,15.12,0.0,0.0,15.05,15.46,0.0,15.36,0.0,0.0,15.4,15.14,0.0,70270.0,2022/07/17 05:04:30,2022/07/16 18:20:24,7119.02,7201.53,7197.09,7063.36,7157.49,7084.7,7235.34,7317.32,7215.16,7258.83,9631.64,70267.3,0.0,71849.84,0.0,2022-07-17 11:50:00,2022,7,17,11,6,Sunday,155,395,2022-07-17,16.94862775862549,738353,116,17.169424836812734,-0.01285989951823165
2022-07-18 11:50:00,21853,2886,VNM - Đà Nẵng - Nhà Máy,/BCG Energy,1020C0058922/EM001020C0058922,35.1,53.1,1.9,,13.698,950.9,Online,1020C0058922/INVT_08,Grid connected,407.8,403.2,404.2,236.9,232.8,232.1,139.383,140.365,139.815,98.17,73.9,1.0,50.09,98.105,1.092,388.53,99.934,623.8,623.8,643.7,643.7,624.6,624.6,630.2,630.2,643.3,643.3,626.7,626.7,625.0,625.0,633.6,633.6,635.8,635.8,637.9,637.9,15.69,0.0,0.0,15.57,15.88,0.0,0.0,15.61,15.61,0.0,0.0,15.57,15.99,0.0,15.89,0.0,0.0,15.72,15.66,0.0,71025.12,2022/07/18 05:04:01,2022/07/17 17:57:34,7195.58,7278.72,7274.47,7139.54,7234.05,7160.84,7313.01,7395.73,7292.59,7336.56,10386.67,71022.33,0.0,72621.09,0.0,2022-07-18 11:50:00,2022,7,18,11,0,Monday,11,419,2022-07-18,16.87918628178183,738354,117,17.16559679687357,-0.01668514753555805
2022-07-19 12:05:00,22021,3054,VNM - Đà Nẵng - Nhà Máy,/BCG Energy,1020C0058922/EM001020C0058922,34.1,52.6,2.4,,13.874,961.0,Online,1020C0058922/INVT_08,Grid connected,405.2,401.4,402.4,235.7,231.1,230.4,143.17,143.711,143.517,98.16,71.6,0.999,50.02,99.927,-1.009,398.44,101.78,643.5,643.5,659.2,659.2,646.3,646.3,647.7,647.7,655.9,655.9,651.3,651.3,648.0,648.0,659.9,659.9,650.3,650.3,660.1,660.1,15.42,0.0,0.0,15.28,15.55,0.0,0.0,15.39,15.26,0.0,0.0,15.29,15.68,0.0,15.52,0.0,0.0,15.65,15.34,0.0,71789.44,2022/07/19 05:06:55,2022/07/18 18:21:21,7273.03,7356.76,7352.75,7216.67,7311.66,7237.9,7391.76,7475.23,7371.12,7415.24,11150.9,71786.56,0.0,73402.12,0.0,2022-07-19 12:05:00,2022,7,19,12,1,Tuesday,36,444,2022-07-19,17.010306594168497,738355,118,17.161768756934407,-0.008825556672572553
2022-07-21 12:45:00,22359,3392,VNM - Đà Nẵng - Nhà Máy,/BCG Energy,1020C0058922/EM001020C0058922,33.2,49.1,3.7,,12.749,1001.9,Online,1020C0058922/INVT_08,Grid connected,397.1,392.2,394.7,231.3,226.6,227.0,150.397,151.128,150.968,98.05,70.4,0.998,50.1,102.954,2.39,367.33,104.937,671.6,671.6,685.9,685.9,674.9,674.9,675.3,675.3,683.7,683.7,678.5,678.5,675.6,675.6,687.6,687.6,678.0,678.0,687.6,687.6,15.31,0.0,0.0,15.25,15.43,0.0,0.0,15.28,15.25,0.0,0.0,15.2,15.56,0.0,15.46,0.0,0.0,15.51,15.5,0.0,73024.54,2022/07/21 05:10:45,2022/07/20 18:16:41,7398.07,7482.92,7479.21,7341.14,7437.18,7362.6,7518.94,7603.42,7497.82,7542.36,12386.1,73021.76,0.0,74663.66,0.0,2022-07-21 12:45:00,2022,7,21,12,3,Thursday,84,492,2022-07-21,16.821989211777257,738357,120,17.154112677056077,-0.01936115679845336
2022-07-22 11:55:00,22514,3547,VNM - Đà Nẵng - Nhà Máy,/BCG Energy,1020C0058922/EM001020C0058922,33.3,52.2,3.9,,14.207,976.5,Online,1020C0058922/INVT_08,Grid connected,406.2,401.8,402.6,236.0,232.1,230.7,145.582,146.251,146.012,98.14,74.2,1.0,50.0,101.77,2.307,406.73,103.709,636.7,636.7,648.2,648.2,632.0,632.0,633.8,633.8,641.9,641.9,638.7,638.7,631.4,631.4,651.7,651.7,648.2,648.2,638.3,638.3,16.05,0.0,0.0,16.02,16.11,0.0,0.0,16.21,16.26,0.0,0.0,16.0,16.41,0.0,16.04,0.0,0.0,16.01,16.25,0.0,73626.7,2022/07/22 05:02:18,2022/07/21 18:17:10,7459.15,7544.69,7540.99,7401.92,7498.47,7423.28,7581.0,7666.36,7559.61,7604.62,12988.16,73623.82,0.0,75280.09,0.0,2022-07-22 11:55:00,2022,7,22,11,4,Friday,107,515,2022-07-22,17.057574689203058,738358,121,17.15028463711691,-0.005405738148112658
2022-07-24 12:45:00,22856,3889,VNM - Đà Nẵng - Nhà Máy,/BCG Energy,1020C0058922/EM001020C0058922,34.3,52.1,1.8,,17.11,950.1,Online,1020C0058922/INVT_08,Grid connected,409.3,405.2,405.4,237.9,234.0,232.8,141.357,141.867,141.672,98.16,78.0,1.0,50.1,99.681,-1.097,486.18,101.55,644.5,644.5,661.6,661.6,647.6,647.6,649.0,649.0,657.4,657.4,652.4,652.4,648.2,648.2,660.0,660.0,648.4,648.4,660.9,660.9,15.3,0.0,0.0,15.25,15.43,0.0,0.0,15.23,15.39,0.0,0.0,15.31,15.56,0.0,15.46,0.0,0.0,15.52,15.25,0.0,75193.27,2022/07/24 05:05:08,2022/07/23 18:23:34,7617.82,7704.97,7701.63,7560.01,7657.7,7581.48,7742.52,7829.41,7720.87,7765.92,14554.91,75190.57,0.0,76882.33,0.0,2022-07-24 12:45:00,2022,7,24,12,6,Sunday,156,564,2022-07-24,17.166576459771115,738360,123,17.142628557238584,0.0013969796086153925
2022-07-25 12:20:00,23017,4050,VNM - Đà Nẵng - Nhà Máy,/BCG Energy,1020C0058922/EM001020C0058922,33.2,51.7,2.8,,15.385,951.5,Online,1020C0058922/INVT_08,Grid connected,405.2,399.9,401.1,235.0,230.5,230.2,142.336,143.004,142.641,98.24,76.8,0.998,49.95,99.266,-0.288,439.12,101.106,638.1,638.1,629.6,629.6,623.7,623.7,632.0,632.0,635.7,635.7,636.3,636.3,620.1,620.1,639.6,639.6,630.3,630.3,639.7,639.7,15.49,0.0,0.0,16.05,16.15,0.0,0.0,15.69,15.86,0.0,0.0,15.64,16.31,0.0,16.21,0.0,0.0,16.27,16.08,0.0,75938.99,2022/07/25 05:05:40,2022/07/24 18:24:53,7693.27,7781.14,7777.95,7635.06,7733.41,7656.72,7819.34,7906.98,7797.43,7842.76,15300.54,75936.2,0.0,77644.06,0.0,2022-07-25 12:20:00,2022,7,25,12,0,Monday,12,588,2022-07-25,17.06637243537043,738361,124,17.13880051729942,-0.004225971464915724
2022-07-26 12:10:00,23181,4214,VNM - Đà Nẵng - Nhà Máy,/BCG Energy,1020C0058922/EM001020C0058922,32.8,50.9,3.4,,14.862,954.2,Online,1020C0058922/INVT_08,Grid connected,406.2,401.3,403.7,236.4,231.0,231.7,141.696,142.405,142.067,98.14,76.4,1.0,50.02,99.308,1.781,423.78,101.149,629.6,629.6,640.0,640.0,633.3,633.3,637.6,637.6,635.9,635.9,634.6,634.6,634.7,634.7,642.7,642.7,637.2,637.2,641.2,641.2,15.59,0.0,0.0,15.82,15.77,0.0,0.0,15.42,15.72,0.0,0.0,15.52,15.97,0.0,16.03,0.0,0.0,15.72,15.88,0.0,76708.27,2022/07/26 05:06:10,2022/07/25 18:23:09,7771.19,7859.67,7856.64,7712.59,7811.57,7734.31,7898.6,7987.08,7876.48,7921.98,16069.73,76705.39,0.0,78430.11,0.0,2022-07-26 12:10:00,2022,7,26,12,1,Tuesday,36,612,2022-07-26,17.02531923099268,738362,125,17.134972477360254,-0.006399382695971961
2022-07-27 11:05:00,23333,4366,VNM - Đà Nẵng - Nhà Máy,/BCG Energy,1020C0058922/EM001020C0058922,32.3,50.8,3.9,,11.05,977.2,Online,1020C0058922/INVT_08,Grid connected,406.5,401.5,403.8,236.6,231.4,231.7,144.134,144.884,144.419,98.15,72.9,1.0,49.94,100.861,-2.089,315.67,102.783,634.9,634.9,641.1,641.1,640.7,640.7,637.5,637.5,640.0,640.0,640.6,640.6,640.2,640.2,647.5,647.5,641.0,641.0,647.4,647.4,15.71,0.0,0.0,16.06,15.76,0.0,0.0,15.87,15.98,0.0,0.0,15.92,16.09,0.0,16.16,0.0,0.0,15.88,16.17,0.0,77382.8,2022/07/27 05:08:34,2022/07/26 18:23:13,7839.44,7928.56,7925.67,7780.63,7880.17,7802.39,7968.13,8057.33,7945.77,7991.5,16744.36,77380.02,0.0,79119.59,0.0,2022-07-27 11:05:00,2022,7,27,11,2,Wednesday,59,635,2022-07-27,16.89316071697377,738363,126,17.13114443742109,-0.013891875193549156
2022-07-30 12:40:00,23846,4879,VNM - Đà Nẵng - Nhà Máy,/BCG Energy,1020C0058922/EM001020C0058922,33.8,49.9,1.7,,15.759,950.4,Online,1020C0058922/INVT_08,Grid connected,395.7,391.6,393.5,230.1,225.6,225.5,144.229,144.727,144.432,98.17,75.2,1.0,49.9,98.375,1.624,446.64,100.291,645.2,645.2,645.4,645.4,648.5,648.5,657.6,657.6,654.8,654.8,643.1,643.1,641.4,641.4,661.5,661.5,647.4,647.4,650.4,650.4,15.35,0.0,0.0,15.62,15.47,0.0,0.0,14.99,15.34,0.0,0.0,15.47,15.8,0.0,15.5,0.0,0.0,15.62,15.59,0.0,79743.56,2022/07/30 05:03:31,2022/07/29 18:17:20,8077.94,8170.25,8167.12,8017.97,8120.36,8040.6,8211.3,8303.37,8188.3,8234.79,19105.12,79740.78,0.0,81532.09,0.0,2022-07-30 12:40:00,2022,7,30,12,5,Saturday,132,708,2022-07-30,16.94839653979202,738366,129,17.119660317603596,-0.010003923829929606
2022-07-31 12:35:00,24009,5042,VNM - Đà Nẵng - Nhà Máy,/BCG Energy,1020C0058922/EM001020C0058922,32.9,49.6,4.9,,15.452,1035.6,Online,1020C0058922/INVT_08,Grid connected,400.4,395.1,396.2,233.2,228.9,227.3,155.613,156.308,155.796,98.07,75.1,1.0,49.69,107.081,-2.075,428.75,109.188,629.8,629.8,641.8,641.8,634.9,634.9,623.1,623.1,645.3,645.3,635.4,635.4,631.6,631.6,645.1,645.1,633.3,633.3,644.4,644.4,16.93,0.0,0.0,17.26,16.93,0.0,0.0,17.23,16.92,0.0,0.0,17.0,17.34,0.0,17.16,0.0,0.0,17.17,16.93,0.0,80453.05,2022/07/31 05:09:46,2022/07/30 18:15:08,8149.58,8242.8,8239.72,8089.16,8192.62,8112.23,8284.37,8377.51,8261.33,8307.91,19814.61,80450.27,0.0,82257.23,0.0,2022-07-31 12:35:00,2022,7,31,12,6,Sunday,156,732,2022-07-31,16.933859490185473,738367,130,17.11583227766443,-0.01063183983851178
2022-08-01 11:45:00,24163,82,VNM - Đà Nẵng - Nhà Máy,/BCG Energy,1020C0058922/EM001020C0058922,33.2,51.4,3.1,,13.059,978.6,Online,1020C0058922/INVT_08,Grid connected,405.8,400.1,402.0,235.4,231.2,230.1,146.315,147.162,146.461,98.12,70.1,1.0,50.09,101.998,3.064,378.74,103.974,619.2,619.2,652.4,652.4,629.8,629.8,639.0,639.0,646.4,646.4,634.9,634.9,628.7,628.7,650.1,650.1,637.9,637.9,644.7,644.7,16.41,0.0,0.0,16.11,16.37,0.0,0.0,16.07,16.09,0.0,0.0,16.15,16.58,0.0,16.23,0.0,0.0,16.31,16.29,0.0,81047.26,2022/08/01 05:05:30,2022/07/31 18:17:15,8209.98,8303.84,8300.84,8149.26,8253.14,8172.24,8345.75,8439.54,8322.6,8369.23,378.83,81044.47,0.0,82866.42,0.0,2022-08-01 11:45:00,2022,8,1,11,0,Monday,11,11,2022-08-01,17.06446288887372,738368,131,17.11200423772527,-0.0027782455047982747
2022-08-02 12:25:00,24334,253,VNM - Đà Nẵng - Nhà Máy,/BCG Energy,1020C0058922/EM001020C0058922,33.5,50.5,2.2,,15.906,976.4,Online,1020C0058922/INVT_08,Grid connected,398.3,393.1,395.1,231.6,226.7,226.5,149.79,150.627,150.266,98.13,75.8,0.998,50.04,102.614,0.759,452.28,104.581,632.2,632.2,644.0,644.0,645.5,645.5,631.4,631.4,649.2,649.2,631.5,631.5,636.7,636.7,642.4,642.4,636.4,636.4,649.7,649.7,16.36,0.0,0.0,16.15,16.23,0.0,0.0,16.45,16.09,0.0,0.0,16.33,16.47,0.0,16.47,0.0,0.0,16.47,16.3,0.0,81865.8,2022/08/02 05:10:59,2022/08/01 18:15:11,8293.09,8387.9,8384.82,8231.99,8336.52,8254.81,8430.15,8524.9,8406.77,8453.57,1197.28,81862.92,0.0,83704.52,0.0,2022-08-02 12:25:00,2022,8,2,12,1,Tuesday,36,36,2022-08-02,17.202758874838917,738369,132,17.108176197786104,0.005528507303136872
2022-08-03 12:25:00,24497,416,VNM - Đà Nẵng - Nhà Máy,/BCG Energy,1020C0058922/EM001020C0058922,32.6,52.0,2.4,,14.396,997.5,Online,1020C0058922/INVT_08,Grid connected,400.0,394.8,397.4,232.2,228.4,227.3,152.696,153.385,153.221,98.1,62.8,1.0,50.16,105.044,3.443,405.56,107.068,652.0,652.0,666.9,666.9,654.6,654.6,656.2,656.2,664.1,664.1,661.3,661.3,657.0,657.0,667.2,667.2,658.0,658.0,668.7,668.7,16.0,0.0,0.0,15.96,16.12,0.0,0.0,16.0,15.91,0.0,0.0,15.91,16.25,0.0,16.13,0.0,0.0,16.3,15.94,0.0,82461.95,2022/08/03 05:08:55,2022/08/02 18:17:20,8353.57,8449.14,8446.01,8292.17,8397.28,8314.83,8491.59,8587.16,8468.13,8515.04,1793.53,82459.17,0.0,84314.92,0.0,2022-08-03 12:25:00,2022,8,3,12,2,Wednesday,60,60,2022-08-03,17.23930956959977,738370,133,17.10434815784694,0.007890473843688317
2022-08-04 12:00:00,24654,573,VNM - Đà Nẵng - Nhà Máy,/BCG Energy,1020C0058922/EM001020C0058922,33.7,51.5,3.0,,14.271,981.3,Online,1020C0058922/INVT_08,Grid connected,403.6,399.0,400.3,235.4,230.6,230.2,146.621,147.465,147.134,98.1,75.2,0.999,50.07,101.965,1.379,404.49,103.887,601.2,601.2,628.5,628.5,637.7,637.7,613.6,613.6,622.4,622.4,618.8,618.8,619.2,619.2,641.6,641.6,613.8,613.8,618.7,618.7,16.61,0.0,0.0,16.69,16.22,0.0,0.0,16.79,16.62,0.0,0.0,16.76,16.84,0.0,16.76,0.0,0.0,16.9,17.09,0.0,83121.96,2022/08/04 05:12:33,2022/08/03 18:12:42,8420.52,8516.62,8513.8,8358.75,8464.36,8381.45,8559.6,8655.94,8536.32,8583.0,2453.53,83119.17,0.0,84990.36,0.0,2022-08-04 12:00:00,2022,8,4,12,3,Thursday,84,84,2022-08-04,17.003271473504782,738371,134,17.100520117907774,-0.005686882254601862
2022-08-05 09:50:00,24790,709,VNM - Đà Nẵng - Nhà Máy,/BCG Energy,1020C0058922/EM001020C0058922,36.1,50.3,1.7,,6.019,981.3,Online,1020C0058922/INVT_08,Grid connected,390.1,385.0,387.2,226.4,222.0,221.3,152.202,153.237,152.476,98.1,56.8,1.0,49.93,101.953,-1.862,175.34,103.938,643.7,643.7,650.1,650.1,654.2,654.2,651.7,651.7,647.8,647.8,661.4,661.4,655.6,655.6,650.2,650.2,657.3,657.3,652.5,652.5,15.73,0.0,0.0,15.68,16.05,0.0,0.0,15.77,15.87,0.0,0.0,15.67,16.04,0.0,15.9,0.0,0.0,16.14,16.04,0.0,83559.28,2022/08/05 05:13:24,2022/08/04 18:09:03,8464.85,8561.3,8558.74,8402.76,8508.89,8425.57,8604.76,8701.64,8581.49,8628.2,2890.85,83556.49,0.0,85438.2,0.0,2022-08-05 09:50:00,2022,8,5,9,4,Friday,105,105,2022-08-05,17.01161868581382,738372,135,17.09669207796861,-0.004976014761616866
2022-08-13 12:25:00,25976,1895,VNM - Đà Nẵng - Nhà Máy,/BCG Energy,1020C0058922/EM001020C0058922,33.3,50.4,4.1,,14.487,956.0,Online,1020C0058922/INVT_08,Grid connected,398.4,393.5,394.0,231.6,227.5,225.6,145.4,146.159,145.753,98.14,76.7,1.0,49.91,99.419,3.65,411.52,101.241,623.9,623.9,624.0,624.0,622.8,622.8,632.7,632.7,625.1,625.1,615.4,615.4,635.6,635.6,625.9,625.9,631.8,631.8,625.2,625.2,15.95,0.0,0.0,16.25,16.17,0.0,0.0,15.81,16.16,0.0,0.0,16.22,16.08,0.0,16.45,0.0,0.0,16.15,16.35,0.0,86183.76,2022/08/13 05:25:19,2022/08/12 18:19:48,8732.37,8829.13,8829.86,8667.36,8776.61,8691.67,8877.03,8975.46,8852.15,8899.47,5515.33,86180.97,0.0,88131.11,0.0,2022-08-13 12:25:00,2022,8,13,12,5,Saturday,132,300,2022-08-13,17.008719400878842,738380,143,17.066067758455294,-0.003360373249897496
2022-08-14 12:45:00,26143,2062,VNM - Đà Nẵng - Nhà Máy,/BCG Energy,1020C0058922/EM001020C0058922,33.4,51.1,2.3,,15.501,953.2,Online,1020C0058922/INVT_08,Grid connected,407.1,401.1,402.7,235.5,231.9,230.6,141.828,142.333,142.147,98.1,74.0,1.0,50.08,99.119,2.259,435.72,101.019,654.8,654.8,671.3,671.3,657.9,657.9,658.8,658.8,669.0,669.0,662.7,662.7,658.7,658.7,671.8,671.8,659.5,659.5,672.6,672.6,15.15,0.0,0.0,15.07,15.3,0.0,0.0,15.13,15.07,0.0,0.0,15.03,15.42,0.0,15.31,0.0,0.0,15.38,15.11,0.0,86918.08,2022/08/14 05:24:51,2022/08/13 18:25:43,8806.89,8904.43,8905.24,8741.49,8851.36,8765.85,8952.78,9052.05,8927.59,8975.09,6249.56,86915.2,0.0,88882.77,0.0,2022-08-14 12:45:00,2022,8,14,12,6,Sunday,156,324,2022-08-14,17.021276003098386,738381,144,17.062239718516132,-0.0024008404578498414
2022-08-15 12:45:00,26303,2222,VNM - Đà Nẵng - Nhà Máy,/BCG Energy,1020C0058922/EM001020C0058922,34.1,50.6,2.3,,15.825,951.9,Online,1020C0058922/INVT_08,Grid connected,403.5,399.5,400.4,234.8,230.3,230.0,143.085,143.945,143.366,98.13,76.2,1.0,49.91,99.385,4.002,448.14,101.259,631.0,631.0,638.8,638.8,626.1,626.1,633.6,633.6,642.8,642.8,635.0,635.0,633.3,633.3,645.6,645.6,636.8,636.8,642.4,642.4,15.87,0.0,0.0,15.82,16.05,0.0,0.0,15.64,15.74,0.0,0.0,15.98,15.92,0.0,15.94,0.0,0.0,15.93,15.82,0.0,87665.12,2022/08/15 05:27:04,2022/08/14 18:10:37,8882.59,8980.83,8981.99,8816.87,8927.43,8841.61,9029.8,9129.98,9004.36,9052.02,6996.7,87662.34,0.0,89647.48,0.0,2022-08-15 12:45:00,2022,8,15,12,0,Monday,12,348,2022-08-15,17.085016000180193,738382,145,17.058411678576967,0.0015596013336129037
2022-08-17 13:15:00,26631,2550,VNM - Đà Nẵng - Nhà Máy,/BCG Energy,1020C0058922/EM001020C0058922,33.2,48.6,2.7,,14.749,988.6,Online,1020C0058922/INVT_08,Grid connected,396.0,391.8,393.2,230.7,226.0,225.3,151.307,152.131,151.994,98.06,56.6,1.0,50.1,103.081,-0.484,406.36,105.099,707.5,707.5,707.2,707.2,706.8,706.8,707.2,707.2,706.2,706.2,706.4,706.4,706.9,706.9,707.2,707.2,706.5,706.5,706.7,706.7,14.33,0.0,0.0,14.94,14.57,0.0,0.0,14.44,14.85,0.0,0.0,14.65,14.71,0.0,15.12,0.0,0.0,14.97,14.92,0.0,88969.09,2022/08/17 05:26:44,2022/08/16 18:20:52,9014.29,9114.44,9115.67,8948.07,9060.41,8973.16,9164.06,9266.16,9137.95,9186.17,8300.57,88966.21,0.0,90980.38,0.0,2022-08-17 13:15:00,2022,8,17,13,2,Wednesday,61,397,2022-08-17,17.07462051513442,738384,147,17.050755598698636,0.0013996398164082097
2022-08-22 12:20:00,27417,3336,VNM - Đà Nẵng - Nhà Máy,/BCG Energy,1020C0058922/EM001020C0058922,33.4,50.2,3.5,,14.351,955.5,Online,1020C0058922/INVT_08,Grid connected,401.4,396.2,397.0,233.2,229.1,228.3,143.993,144.951,144.401,98.17,74.5,0.999,50.1,99.438,-2.201,408.85,101.312,636.3,636.3,637.7,637.7,630.0,630.0,636.9,636.9,639.7,639.7,632.3,632.3,637.8,637.8,650.4,650.4,641.8,641.8,646.4,646.4,15.69,0.0,0.0,15.92,15.89,0.0,0.0,15.68,15.68,0.0,0.0,15.79,16.12,0.0,15.69,0.0,0.0,15.67,15.81,0.0,91472.29,2022/08/22 05:29:47,2022/08/21 18:13:24,9268.19,9369.65,9373.1,9200.56,9314.75,9226.67,9422.74,9526.71,9395.65,9443.94,10803.77,91469.41,0.0,93541.96,0.0,2022-08-22 12:20:00,2022,8,22,12,0,Monday,12,516,2022-08-22,17.029554233783927,738389,152,17.031615399002813,-0.00012101994852511547
2022-08-23 11:45:00,27569,3488,VNM - Đà Nẵng - Nhà Máy,/BCG Energy,1020C0058922/EM001020C0058922,34.3,51.7,2.6,,11.587,950.6,Online,1020C0058922/INVT_08,Grid connected,403.1,398.8,399.3,234.7,230.4,229.4,140.823,141.716,141.482,98.12,72.9,1.0,50.04,97.708,-1.735,332.32,99.56,633.4,633.4,640.2,640.2,639.3,639.3,628.4,628.4,645.7,645.7,627.2,627.2,633.3,633.3,646.1,646.1,633.6,633.6,644.8,644.8,15.4,0.0,0.0,15.64,15.62,0.0,0.0,15.41,15.39,0.0,0.0,15.67,15.77,0.0,15.84,0.0,0.0,15.91,15.75,0.0,92130.25,2022/08/23 05:28:19,2022/08/22 18:14:19,9334.84,9436.98,9440.51,9266.78,9381.77,9293.21,9490.68,9595.32,9463.26,9511.63,11461.82,92127.46,0.0,94214.98,0.0,2022-08-23 11:45:00,2022,8,23,11,1,Tuesday,35,539,2022-08-23,16.821323402196576,738390,153,17.02778735906365,-0.012125119518665928
2022-08-24 12:10:00,27734,3653,VNM - Đà Nẵng - Nhà Máy,/BCG Energy,1020C0058922/EM001020C0058922,34.4,52.9,3.0,,11.392,962.7,Online,1020C0058922/INVT_08,Grid connected,405.8,400.9,401.4,236.0,232.5,231.1,144.078,145.013,144.572,98.18,67.2,1.0,50.07,100.555,-0.239,320.15,102.492,632.4,632.4,643.5,643.5,644.0,644.0,632.6,632.6,648.7,648.7,630.9,630.9,630.9,630.9,654.2,654.2,632.5,632.5,643.1,643.1,15.98,0.0,0.0,16.12,15.93,0.0,0.0,16.3,15.99,0.0,0.0,16.26,16.34,0.0,15.77,0.0,0.0,15.74,15.5,0.0,92836.36,2022/08/24 05:30:25,2022/08/23 18:15:39,9406.08,9509.42,9512.72,9337.7,9453.86,9364.76,9563.4,9669.21,9535.8,9584.44,12167.93,92833.57,0.0,94937.39,0.0,2022-08-24 12:10:00,2022,8,24,12,2,Wednesday,60,564,2022-08-24,17.099053795335788,738391,154,17.023959319124486,0.004411105243122931
